rank,uri,artist_names,track_name,source,peak_rank,previous_rank,weeks_on_chart,streams,duration_ms
1,spotify:track:4qsOrxBv09HhNSpsgMRXdC,"Marília Mendonça, Maiara & Maraisa",Esqueça-Me Se For Capaz,Som Livre,1,1,7,7297643,169058
2,spotify:track:1c4htMHiolERc0YJvZNdlc,"George Henrique & Rodrigo, Marília Mendonça",Vai Lá Em Casa Hoje - Ao Vivo,Worldshow Promoções e Eventos,2,6,6,6414627,191523
3,spotify:track:053zWWZDziDJd3U94x8RuP,"Marília Mendonça, Maiara & Maraisa",Todo Mundo Menos Você,Som Livre,2,2,10,6069206,206171
4,spotify:track:3YvE7uo4ffseBoJPh8IhHp,"Marília Mendonça, Maiara & Maraisa",Presepada,Som Livre,3,3,4,5954490,196209
5,spotify:track:4u06FbRh6FvV2FQZkouzCw,Henrique & Juliano,Arranhão (Ao Vivo),"Vida Nova Produções, sob licença exclusiva para Virgin Music Group",1,4,17,5918296,153409
6,spotify:track:4fSHADbZbhpZCT9oJpxwbP,"Paulo Pires, Marcynho Sensação, ÉaBest, Mc Danny",Ameaça,Paulo Pires,4,5,7,5719382,188096
7,spotify:track:2wG1R0uDFwyobcWzVssC1J,"PEDRO SAMPAIO, Mc Danflin",GALOPA,WM Brazil,4,7,11,5624095,140500
8,spotify:track:2RGIuYTsyyHoOCqW0krvNE,"Avine Vinny, Matheus Fernandes",Coração Cachorro,Sony Music Entertainment,1,8,10,5419680,150802
9,spotify:track:5VTjBl3ddZEiG2LrH4VzyR,"Zé Felipe, Mc Danny",Toma Toma Vapo Vapo,Som Livre,9,11,3,5318055,156760
10,spotify:track:0JdkDCdrhMOaeXjIZdeBXN,"MC Levin, DJ Nikolas Alves, DJ Kaioken, DJ Gege",Ela Me Falou Que Quer Rave,Columbia,6,9,5,4927834,235206
11,spotify:track:4kGdnA7FzSVsXC29LPghej,"Zé Felipe, Marcynho Sensação",Revoada No Colchão,Som Livre,3,10,11,4296488,153448
12,spotify:track:7pvrsbBKUQI2QmA74WCJa5,Zé Neto & Cristiano,Ela e Ela,Som Livre,3,13,14,4281761,168644
13,spotify:track:5Q0ZnQjk4lQpScX7ujswun,Henrique & Juliano,A Maior Saudade (Ao Vivo),"Vida Nova Produções, sob licença exclusiva para Virgin Music Group",11,14,13,4169967,190161
14,spotify:track:3agFBAMPiIvzfTh7a9Udm6,Gusttavo Lima,Nota de Repúdio - Ao Vivo,Sony Music Entertainment,4,16,13,3964152,164949
15,spotify:track:7xVSNhAUQhUIpwfR6lTOwA,Marina Sena,Por Supuesto,Marina Sena,10,12,6,3864173,186698
16,spotify:track:0DsPj89zlY3Us7xb5cXK5h,"DJ Patrick Muniz, Dj Olliver, Mc Topre, Mc Rennan","Trava na Pose, Chama no Zoom, Da um Close",Tratto Entretenimentos,4,15,9,3776384,214270
17,spotify:track:72g37RoelSnovZakG5MwnF,"Mari Fernandez, Marcynho Sensação",Parada Louca,Sony Music Entertainment,17,42,3,3589341,179031
18,spotify:track:2jwrYBGz7osKI31v50bS7b,Felipe Amorim,Putariazinha,One Play,9,18,10,3583436,162461
19,spotify:track:48Ll1C6qAnP2UjnopQDh4a,"Mc Anjim, Dj Lv Mdp, DJ PH DA SERRA",Bala Love,Mc Anjim,2,17,15,3567849,221538
20,spotify:track:2kJRlOyrxsy7Ot3c5TZ8Q6,João Gomes,Meu Pedaço de Pecado,JG Shows,1,20,26,3424526,157175
21,spotify:track:1wdhj1r7aeWVDUl9d18YKu,Matheus & Kauan,Expectativa x Realidade,Universal Music Ltda.,15,21,22,3357002,163324
22,spotify:track:2ixi9HWJw5lnLDmRMsiCS5,Zé Neto & Cristiano,Você Beberia Ou Não Beberia?,Som Livre,4,22,19,3248212,154662
23,spotify:track:1tYJnXtKLoWVIL4lZOouQG,"Tayrone, Marília Mendonça",Cê Tá Preparada - Ao Vivo,Universal Music Ltda.,20,26,20,3236701,213006
24,spotify:track:4XiFqfUXyTwOChvMLKKi0T,"DG e Batidão Stronda, Felipe Amorim, Mc Danny",Sem Sentimento,GR6 Music,13,23,15,3097259,131067
25,spotify:track:1bWBG6IkMnDr3qvCKSvQT7,"Matheus Fernandes, Dilsinho",Baby Me Atende - Ao Vivo,Som Livre,3,27,36,3089017,225671
26,spotify:track:6WxpU2F5gwTzwYsAalI6nI,"Marília Mendonça, Maiara & Maraisa",Motel Afrodite,Som Livre,14,19,8,3008130,170866
27,spotify:track:7MLCxrDoxcTRg1u3QAGE5a,Gusttavo Lima,Bloqueado - Ao Vivo,Sony Music Entertainment,27,-1,1,2967165,168689
28,spotify:track:28m65cMH7QXHzFnZSTtNHY,"Marília Mendonça, Maiara & Maraisa",Não Sei o Que Lá,Som Livre,21,25,9,2910990,169586
29,spotify:track:7aZusA4cWXz3Wv9e9uhavz,Matuê,Quer Voar,Sony Music Entertainment,2,28,17,2900076,187636
30,spotify:track:2s9BO8c0co0PmgBiUoTT17,Gloria Groove,A QUEDA,SB Music,11,29,7,2748141,172500
31,spotify:track:3Lw41pfko5XMrsHRtlbo2k,"Felipe Cardoso DJ, Mc Fopi",Bota a Mão no Chão,Love Funk,31,31,5,2721487,118629
32,spotify:track:50gPsfGHy5OnPauA9455DM,"Tarcísio do Acordeon, Marcynho Sensação",Rolê,Sua Música,3,30,19,2705224,174937
33,spotify:track:6fe5D0ivKnpXFMAnoSRjah,"Vitor e Luan, Henrique & Juliano",Localiza Aí BB,Vitor & Luan,20,37,42,2684351,145308
34,spotify:track:5SwyN9hzmWjBsINlif8li8,Gusttavo Lima,Ficha Limpa,Sony Music Entertainment,3,38,25,2674896,192725
35,spotify:track:4PQdrXMDHDPl1RczrrlADd,Luan Santana,MORENA,Sony Music Entertainment,2,34,24,2673246,193221
36,spotify:track:3eq6zwPwN5SAw0rZxNHI22,Gusttavo Lima,Não Me Arranha - Ao Vivo,Sony Music Entertainment,24,24,8,2664725,159750
37,spotify:track:62d4BfCTUHdOsARRETHLDz,Rogerinho,Mete a Louca,Rogerinho,27,33,9,2649739,179893
38,spotify:track:6T6SDJszPbuMCBpSm3aS3G,Japãozin,Carinha de Neném,Sua Música Records,25,32,10,2601376,140624
39,spotify:track:1r9xUipOqoNwggBpENDsvJ,"Imagine Dragons, JID, Arcane, League of Legends",Enemy (with JID) - from the series Arcane League of Legends,KIDinaKORNER/Interscope Records,39,45,5,2597160,173381
40,spotify:track:2R9IrE42Mw4zdUXAEFNiZL,"Zé Felipe, Os Barões Da Pisadinha",Senta Danada,Som Livre,14,41,20,2442117,172621
41,spotify:track:2ookQf9qP2qiBuNFnNXyfl,John Amplificado,Chega E Senta - Ao Vivo,Virgin Music Label And Artist Services (S&D),1,35,16,2415733,153739
42,spotify:track:2xebCnKCjYWBhJ4Ai8hO5E,"Mc Davi, Mc Kevin, Mc Don Juan, MC Hariel, MC Marks, MC G15, Mc Phe Cachorrera, Gaab, MC Menor da VG, MC Ryan SP, MC Kapela, Perera DJ, Veiga no Beat",Set dos Casados,GR6 Music,42,63,8,2396650,643200
43,spotify:track:79Wou8NwYEFzTyDQudjENF,Diego & Victor Hugo,Desbloqueado - Ao Vivo,Sony Music Entertainment,17,49,29,2339281,188671
44,spotify:track:5F2xRvRFkxDvqdFtUNAEyw,"João Gomes, Vitor Fernandes",Se For Amor,JG Shows,4,44,23,2336468,239928
45,spotify:track:4AAIAVjSyiq1N7SXKkwXZe,Marília Mendonça,Troca de Calçada,Som Livre,7,40,44,2324531,203158
46,spotify:track:5Z9KJZvQzH6PFmb8SNkxuk,"Lil Nas X, Jack Harlow",INDUSTRY BABY (feat. Jack Harlow),Columbia,8,43,19,2321937,212352
47,spotify:track:0NvVVP3Q0oSbfBUZ48vCHs,"MD Chefe, Offlei Sounds, ProdbyFp",Tiffany,Offlei Sounds,39,39,11,2291957,152380
48,spotify:track:2jb8HW2CXr4mOJaw7LJyVw,Henrique & Juliano,Acordo (Ao Vivo),"Vida Nova Produções, sob licença exclusiva para Virgin Music Group",36,50,6,2248488,169771
49,spotify:track:6m84TzSTM5nbwZxIxkYHz6,Jorge & Mateus,Namorando Com Saudade,Som Livre,39,52,24,2217765,174081
50,spotify:track:3IAfUEeaXRX9s9UdKOJrFI,Anitta,Envolver,WEA Latina,36,36,3,2108966,193805
51,spotify:track:0FqVtQxRD3HsPltldG5v5M,João Gomes,Aquelas Coisas,JG Shows,3,51,25,2082342,147072
52,spotify:track:6JIIejoN31NIn6BJsVS3cu,Hugo & Guilherme,Oi Deus - Ao Vivo,Som Livre,52,56,5,1995151,211016
53,spotify:track:1d7AtPeraWVsvI4U1YTHt1,Max e Luan,Vestido Coladinho,Max e Luan,53,57,9,1966280,144516
54,spotify:track:2jPACjKR21inTnWeo3eHla,Sidoka,"Louis V, Menina Linda",Sidoka,27,48,11,1933925,215004
55,spotify:track:6Lrzxd7ST5oQ6FYKXKH7Ia,"Matheus & Kauan, Zé Vaqueiro",Vagabundo,Universal Music Ltda.,24,58,28,1844812,165380
56,spotify:track:2PZmUFZGlUqkYJL0s0Cl6C,Israel & Rodolffo,Dar uma Namorada - Ao Vivo,Som Livre,56,60,2,1839878,129353
57,spotify:track:1G0kLIS0hE6uUPlIE9gksp,"Marília Mendonça, Maiara & Maraisa",Fã Clube,Som Livre,40,46,4,1801947,171764
58,spotify:track:46IZ0fSY2mpAiktS3KOqds,Adele,Easy On Me,Columbia,20,47,7,1783277,224694
59,spotify:track:685gjMmRjwLFrtCWtF2sXo,Henrique & Juliano,Rasteira (Ao Vivo),"Vida Nova Produções, sob licença exclusiva para Virgin Music Group",46,62,11,1773227,189007
60,spotify:track:1hs2hRwPfyFLoYIf6jY1W7,"Os Barões Da Pisadinha, Maiara & Maraisa",Zero Saudade - Ao Vivo,Sony Music Entertainment,9,59,28,1743358,184639
61,spotify:track:77rIMl1WIrLf4ZDKFYZ4ji,"Clayton & Romário, Jorge & Mateus",Água Nos Zói - Ao Vivo,Virgin Music Label And Artist Services (S&D),61,61,7,1736656,188951
62,spotify:track:6RMYuqlTn8777j5arY9zhC,"Brisa Star, Zé Vaqueiro",Cena de Amor,Sony Music Entertainment,37,64,18,1736015,222000
63,spotify:track:53BkPZwlaLbW77uV9BnJkl,"Mc Poze do Rodo, Mainstreet, Ajaxx, Galdino",Eu Fiz o Jogo Virar,Mainstreet Records,22,53,13,1727778,145573
64,spotify:track:2eFsVynOiCxtI4kvX0XClm,Gloria Groove,LEILÃO,SB Music,64,-1,1,1707312,187619
65,spotify:track:2MZQAvsA7aZDssppBLRxYp,Israel & Rodolffo,Batom de Cereja - Ao Vivo,Som Livre,1,67,43,1643683,140942
66,spotify:track:7xi4XR5EIOU6OHdIydLMjT,"Murilo Huff, Jorge",Uma Ex - Ao Vivo,M Show,65,97,43,1596924,218806
67,spotify:track:0RoVmAeG1dC9U34S6RCCIB,"Gusttavo Lima, Dendelzinho",Quebrando Protocolo - Ao Vivo,Sony Music Entertainment,45,54,5,1504287,175216
68,spotify:track:3jSG8oE8doxDxmpe5GlFee,Mari Fernandez,"Não, Não Vou",Sony Music Entertainment,1,68,26,1486678,173037
69,spotify:track:4fouWK6XVHhzl78KzQ1UjL,GAYLE,abcdefu,Atlantic/Arthouse Records,69,126,2,1485636,168601
70,spotify:track:452LVnTBjXYW3guqe3xiqI,Zé Neto & Cristiano,Vamo Tomar Uma,Som Livre,38,69,14,1457392,139528
71,spotify:track:5PjdY0CKGZdEuoNab3yDmX,"The Kid LAROI, Justin Bieber",STAY (with Justin Bieber),Columbia,30,71,21,1450074,141805
72,spotify:track:3hycwch1V1aCbKGlcfKg0I,"Mc Delux, DJ MT7, CLUB DA DZ7","Deu Meia Noite, Eu Sumi, Geral Soltando Fogos",Baile Da Dz7,72,111,2,1437438,129306
73,spotify:track:6pQKUKBpwr6GhfhcFFFozo,"MC Zaquin, MC Rick",Não Nasceu pra Namorar,Funk Explode Records,5,55,38,1430103,140307
74,spotify:track:2OEz3Dxs9yOEblN5Kk52Sv,"Mc Delux, MC PPS, CLUB DA DZ7, DJ CAIO BEAT, DJ Roca",Profissão F0Da,CLUB DA DZ7,72,72,5,1410334,146307
75,spotify:track:0wRn3ggAY1fIupTaVigdza,"Mc Poze do Rodo, Bielzin, Mainstreet, MC Cabelinho, PL Quest, Neo Beats",A Cara do Crime (Nós Incomoda),Mainstreet Records,17,76,27,1394026,302117
76,spotify:track:7DETyuwRe61Ab57w90dJ37,"Vitor e Luan, Henrique & Juliano",Eu e Eu,Vitor e Luan,76,80,2,1382805,162799
77,spotify:track:3ua3rqwBNmeGeQfcKnA3bT,"Doode, Teto, Matuê",Groupies,Sony Music Entertainment,10,65,10,1375510,164571
78,spotify:track:7rglLriMNBPAyuJOMGwi39,"Elton John, Dua Lipa, PNAU",Cold Heart - PNAU Remix,EMI,78,85,12,1374931,202735
79,spotify:track:2zvfMwpBdm9zC4zwLWq1Wg,Luan Santana,ILHA,Sony Music Entertainment,70,70,4,1364776,182568
80,spotify:track:6HV630GY0GT3RN2efFRmbP,Jorge & Mateus,Troca,Som Livre,7,92,32,1357978,171263
81,spotify:track:5CbDKqtF6F6m1KUvsAf2Kf,Diego & Victor Hugo,Sorte - Ao Vivo,Sony Music Entertainment,74,74,7,1356416,186469
82,spotify:track:07Kp3cAQRY0iPp4ATMoehM,"Mad Dogz, Mari Fernandez",Ficante Fiel,WM Brazil,52,94,19,1319081,140903
83,spotify:track:3QKv1RIrWsLTA63oxscVrZ,João Gomes,Meu Bem,JG Shows,58,86,14,1296062,140208
84,spotify:track:6Aw11M9NT2tBeEj3mPKrjy,"Diego & Victor Hugo, Bruno & Marrone",Facas - Ao Vivo,Sony Music Entertainment,3,88,59,1271117,196379
85,spotify:track:7b0W6Ra4fEoTTUWjQW1lpl,Eric Land,Imagine a Cena,Eric Land,85,99,7,1265197,181482
86,spotify:track:1jwEnLN5hMOwotwXfchUaf,"MD Chefe, Offlei Sounds, DomLaike",Rei Lacoste,Offlei Sounds,34,75,18,1259898,152000
87,spotify:track:3Wrjm47oTz2sjIgck11l5e,Måneskin,Beggin',RCA Records Label,11,90,24,1256949,211560
88,spotify:track:6AQqsFYtCQi9m7MJcMjGup,"Xand Avião, Zé Vaqueiro",Superação Digital,Som Livre,56,82,15,1256331,176297
89,spotify:track:3HquWF2pZmWYu3WAEP9Heb,"Fernando & Sorocaba, Tarcísio do Acordeon",Só Não Divulga,Sony Music Entertainment,6,103,40,1241288,160476
90,spotify:track:6KBITvbscpEpSIcsOSjww8,"Guilherme & Benuto, Dilsinho",Mesa Falsa - Ao Vivo,Sony Music Entertainment,87,87,4,1230803,177539
91,spotify:track:4gvrJnKCKIPiacNsWVQwEU,"CKay, Dj Yo!, AX'EL",love nwantiti (feat. Dj Yo! & AX'EL) - Remix,WM South Africa,48,84,11,1225206,188368
92,spotify:track:2aqqXrjrPdRHU9uSeRmL3C,"Mc Pepeu, DJ Swat, Doug Hits",Menina Se Prepara,Doug Filmes,34,91,23,1213823,210461
93,spotify:track:6Vgn3IEUkWs3d6og029Gtm,Teto,Mustang Preto,Sony Music Entertainment,34,83,8,1210809,183000
94,spotify:track:0m6XpDgZSyqyCg0HKOCaO8,"Douglas & Vinicius, Zé Neto & Cristiano",Estelionato Afetivo - Ao Vivo,Virgin Music Label And Artist Services (S&D),94,105,8,1209397,172000
95,spotify:track:0PH49SrRKOFVWF81PobhW6,Os Barões Da Pisadinha,Unha de Gel,Sony Music Entertainment,76,81,5,1196453,166400
96,spotify:track:78APwJSo30uWBB5PWROMNw,"Marília Mendonça, Maiara & Maraisa",Para de Me Chamar Pra Trair,Som Livre,70,78,4,1182128,207251
97,spotify:track:3v6gYFuAXQcm1EO5yW7yfX,Tarcísio do Acordeon,Proteção de Tela,Sua Música,97,114,20,1165429,216990
98,spotify:track:7IG7laqVpcvIIULrwWP5SA,"Mc Poze do Rodo, Neo Beats, Mainstreet",Vida Louca,Mainstreet Records,6,102,35,1148077,155675
99,spotify:track:3V7jLMYvvg4BHi4tmDveNc,"Anitta, Saweetie",Faking Love (feat. Saweetie),Warner Records,40,98,7,1146829,148577
100,spotify:track:5BFz4pXzknmYYctjvLKJAB,Zé Vaqueiro,Sentadinha Descarada,Sony Music Entertainment,100,-1,1,1140723,169807
101,spotify:track:7m9Hr6qAquvk6nNFtBIlM0,"DENNIS, Luíza & Maurílio",Modo Avião - Ao Vivo,Sony Music Entertainment,101,143,5,1126611,160191
102,spotify:track:3tc8Z4lGzOIwmIVftsxO6o,Marília Mendonça,Graveto - Ao Vivo,Som Livre,3,79,67,1126429,170877
103,spotify:track:4X76i15ANs7rr70xcUn0Ru,"Marília Mendonça, Maiara & Maraisa",Eu Não Vou Namorar,Som Livre,91,96,4,1112599,170699
104,spotify:track:1SC5rEoYDGUK4NfG82494W,Lil Nas X,MONTERO (Call Me By Your Name),Columbia,15,113,36,1107395,137704
105,spotify:track:13hyExMFjdAQ6ZsgqLdpSS,"Marília Mendonça, Maiara & Maraisa",Você Não Manda Em Mim,Som Livre,83,89,4,1096577,148975
106,spotify:track:68qqVn5kHBv4zc45SDGLnh,"Filipe Ret, L7NNON, Chris Beats Zn",Corte Americano,Som Livre,60,107,32,1083756,139534
107,spotify:track:5r9CZJMoMmxio2AnJdxuDS,"Grupo Menos É Mais, Di Propósito, Vou Zuar",Pot-Pourri: Melhor Eu Ir / Ligando Os Fatos / Sonho de Amor / Deixa Eu Te Querer - Ao Vivo,Som Livre,21,110,78,1082020,521088
108,spotify:track:03D8hNCVDBzQPCHHam1Q16,"Humberto & Ronaldo, Jorge & Mateus",Não Tô Te Alugando,Humberto e Ronaldo,108,135,4,1075131,175259
109,spotify:track:7kwOvJqT8zHXQ4NYUZQ6W2,Gustavo Mioto,Não Parei De Sofrer,Universal Music Ltda.,62,123,22,1069431,176394
110,spotify:track:1QiZYlh3oZg3zgn8eS99aB,João Gomes,Mete Um Block Nele,JG Shows,33,116,23,1065564,177192
111,spotify:track:0qxLQ6opocOGyFnlXqJ53x,"Mc Davi, Mc Pedrinho, Mc Don Juan, DJ 900",Bipolar,GR6 Music,1,117,32,1060897,276480
112,spotify:track:7vCvUJyjMxRkPeo19nxmuk,Hugo & Guilherme,Coração Na Cama - Ao Vivo,Som Livre,5,122,53,1055656,173226
113,spotify:track:2Ho2vEEJAZOAnpxl9GsFYR,"Mc Danone, Mc Frog",Pegada de Malvado,A2M Produtora,113,129,2,1054947,107999
114,spotify:track:41pFFOnh1glVNIlrWOpBjb,"Brisa Star, Thiago Jhonathan (TJ)",Se Joga no Passinho,Brisa Star,10,119,23,1046353,200000
115,spotify:track:4DWKtQVURjepn8uzBgmwuv,"Mc Kevin, Perera DJ",Doutora 3,GR6 Music,28,93,28,1040200,157088
116,spotify:track:6Uj1ctrBOjOas8xZXGqKk4,Doja Cat,Woman,Kemosabe Records/RCA Records,48,115,17,1030627,172626
117,spotify:track:6giaOyDFbE4J8iclhCdW7E,"Azzy, MC Ryan SP, Chris MC, Xamã, Lourena, L7NNON, Cynthia Luz, Mc Poze do Rodo, Salve Malak",Poesia Acústica #11 Nada Mudou,Pineapple StormTV,12,121,24,1023439,600000
118,spotify:track:3Kkjo3cT83cw09VJyrLNwX,Adele,Oh My God,Columbia,66,66,2,1011114,225148
119,spotify:track:0lSY2zOUEeB5sfSnkw8M9l,"Vitor Fernandes, João Gomes",Será que Dá Certo,Sua Música,119,125,3,1002495,146200
120,spotify:track:3Vi5XqYrmQgOYBajMWSvCi,Doja Cat,Need to Know,Kemosabe Records/RCA Records,50,130,21,998200,210560
121,spotify:track:6a5JCYemYOR4lta1mzaetS,"FBC, VHOOR, Mac Júlia",Se Tá Solteira,UFFÉ,121,127,2,996497,115859
122,spotify:track:0b4gFNw2FvRUF9RblVXued,Marcynho Sensação,Viela,Marcynho Sensacao,60,106,17,992850,152482
123,spotify:track:0wcAfve621R8p3sTQjjJXA,"Mc Frog, Mc Mika, Mc Gebe, Mc Vh Diniz",O Porte da 40,A2M Produtora,94,128,8,980851,184615
124,spotify:track:4lHoT8PvMpMg1l5kdxqNmD,Bruno & Marrone,Coração de Isca,Worldshow Promoções e Eventos,67,151,35,978923,147396
125,spotify:track:0VjIjW4GlUZAMYd2vXMi3b,The Weeknd,Blinding Lights,Republic Records,25,136,100,978234,200040
126,spotify:track:5UmwpS5SHeaKNCA7bGpJRe,"Os Barões Da Pisadinha, Jorge",Quero Ver é Me Esquecer (feat. Jorge) - Ao Vivo,Sony Music Entertainment,7,134,40,973193,147875
127,spotify:track:5AhnPqydkYbZAp4NkyJ7ED,"PEDRO SAMPAIO, Luísa Sonza",ATENÇÃO,WM Brazil,15,146,29,967950,135111
128,spotify:track:64I6t2tuUGnIlaDIzHJ6YI,"Marília Mendonça, Maiara & Maraisa",Quero Você do Jeito Que Quiser,Som Livre,4,108,51,955666,215978
129,spotify:track:3ZBVlZVOynUEw2Aphgt2cN,Zé Vaqueiro,Metade de um Abraço,Sony Music Entertainment,63,77,9,953653,206185
130,spotify:track:6UelLqGlWMcVH1E5c4H7lY,Harry Styles,Watermelon Sugar,Columbia,27,140,95,947270,173991
131,spotify:track:17Gh6E6eRfAAw7sCgmnkFc,Gusttavo Lima,O Ex da Sua Vida,Sony Music Entertainment,44,145,20,946130,179872
132,spotify:track:7MCKsjVXmUxWaHT0fGMuYh,"Marcos & Belutti, Israel & Rodolffo",Quem Quer Superar - Ao Vivo,Sony Music Entertainment,92,104,4,940998,166846
133,spotify:track:4iavXH4dDUMA8yAabnUhSI,"Jorge & Mateus, Marília Mendonça",Me Ame Mais,Som Livre,73,137,15,939637,229857
134,spotify:track:5ItttPiqUksUE240dJ9DT6,"Israel & Rodolffo, Wesley Safadão",Faz Amor Comigo Só Hoje,Som Livre,5,144,27,939145,148227
135,spotify:track:6KoWlMNCiFdHnzYSX1Ag8q,"Murilo Huff, Zé Vaqueiro",Nunca Vai Ser Nós,M Show,101,101,9,936169,172693
136,spotify:track:7hU3IHwjX150XLoTVmjD0q,LISA,MONEY,YG Entertainment/Interscope Records,68,124,10,927139,168227
137,spotify:track:6m187iACTSAZDYMaV0klqj,"L7NNON, Ajaxx",Freio da Blazer,Papatunes Records,38,148,43,925019,180000
138,spotify:track:20on25jryn53hWghthWWW3,"ACRAZE, Cherish",Do It To It,Thrive Music,138,-1,1,920327,157890
139,spotify:track:6MQrN9fclpvR4nf0uJrG1x,"MC Joãozinho VT, MC Ryan SP, DJ 900, Mc Don Juan, Mc Pedrinho, Mc Kelvinho, DJ BOY",Vou de Lala,GR6 Music,94,133,16,915645,300000
140,spotify:track:73ghohUx3BscZn4hQbD35X,"Guilherme & Benuto, Os Barões Da Pisadinha, Filtr Music Brasil",Faxina (Ao Vivo No Casa Filtr),Sony Music Entertainment,42,95,17,910990,153241
141,spotify:track:5uztIMqjl5FTZSYDlOBJjV,Simone & Simaria,Foi Pá Pum,Universal Music Ltda.,13,147,51,905953,183413
142,spotify:track:45hiPdzMRRa72PR3vFRbhu,"Mayke & Rodrigo, Hugo & Guilherme",Tentação - Ao Vivo,Mayke & Rodrigo,142,-1,1,905263,136966
143,spotify:track:1tdDDOJRdbo1Uz47D1k62G,Dan Ventura,Passinho Debochado,Dan Ventura,27,73,15,901114,85333
144,spotify:track:46HNZY1i7O6jwTA7Slo2PI,"Coldplay, BTS",My Universe,Parlophone UK,57,149,10,894899,226198
145,spotify:track:09gysnJpfQ3ublBmJDfcEC,"Amaarae, Kali Uchis, MOLIY",SAD GIRLZ LUV MONEY Remix (feat. Kali Uchis and Moliy),0207 Def Jam,131,131,3,893578,204763
146,spotify:track:4ZtFanR9U6ndgddUvNcjcG,Olivia Rodrigo,good 4 u,Olivia Rodrigo PS,7,165,29,891860,178146
147,spotify:track:2wf5rkl0KdC5v2QhOmTCMa,"Di Paullo & Paulino, Marília Mendonça",Estrelinha - Ao Vivo,Primavera Digital,56,112,4,882038,206982
148,spotify:track:3FmdH6c6eh2fQZ0UNwuVMz,Nivy,Quinto Degrau,PMI RECORDS / LOVE FUNK,148,192,2,881757,142320
149,spotify:track:3ibiPPqHxdmX4nNp4kNHE9,Wesley Safadão,Passatempo,Wesley Safadao,17,153,30,872867,162237
150,spotify:track:76E9YSvgci2hPaNFy3XZu1,"MD Chefe, Offlei Sounds, L7NNON, PL Quest",Fragrância - Remix,Offlei Sounds,116,132,14,872818,171428
151,spotify:track:58pgi1RpcU2fVJsxhm7BIr,Raí Saia Rodada,Tapão Na Raba,Som Livre,1,175,44,872240,175046
152,spotify:track:3rmo8F54jFF8OgYsqTxm5d,Ed Sheeran,Bad Habits,Atlantic Records UK,67,154,23,865195,230746
153,spotify:track:17UfXrL7Run3GyZJW4uRjC,Jorge & Mateus,Paradigmas,Som Livre,7,167,45,863231,157354
154,spotify:track:3RbXsVQr4jeTxvT35Hssq3,Marília Mendonça,Bebi Liguei - Ao Vivo,Som Livre,2,120,94,861544,159779
155,spotify:track:7Ls0AYtBWAJtt7iORFc6zC,"Mc Frog, DJ Lucas Beat",Não Quer Chifre,Mídia Hits Produtora,52,141,17,858148,149323
156,spotify:track:2YBKO08Wkc3eP5JdUSwng8,João Gomes,Eu Tenho a Senha,JG Shows,23,159,24,857116,212424
157,spotify:track:5enxwA8aAbwZbf5qCHORXi,Taylor Swift,All Too Well (10 Minute Version) (Taylor's Version) (From The Vault),Taylor Swift,100,100,3,853706,613026
158,spotify:track:07AQkmp456NpEnT8HR7WLy,"Teto, Matuê",M4,30PRAUM,6,170,50,853485,170000
159,spotify:track:50nfwKoDiSYg8zOCREWAm5,Ed Sheeran,Shivers,Atlantic Records UK,96,142,12,852011,207853
160,spotify:track:6FaJ8kDyy4SDJpLPwAo9gE,Henrique & Juliano,De Garrafa A Pior (Ao Vivo),"Vida Nova Produções, sob licença exclusiva para Virgin Music Group",110,139,4,847253,162158
161,spotify:track:0bfyJd1OWcUUDcexrOn9bz,IZA,Sem Filtro,WM Brazil,109,109,2,846832,206181
162,spotify:track:79Djb1E319BwnYZ8cEA1mQ,Gloria Groove,BONEKINHA,SB Music,86,190,24,827646,168887
163,spotify:track:2EO2Ygkb3rjxExkpStXvyK,"Mc Th, G5 Deboxe, Medellin",Vou Encher de Leite e Vou Mandar Pros Alemão - Eletrofunk,Medellin,106,152,6,822337,131076
164,spotify:track:37BZB0z9T8Xu7U3e65qxFy,"The Weeknd, Ariana Grande",Save Your Tears (with Ariana Grande) (Remix),Republic Records,46,184,32,820419,191013
165,spotify:track:1gqZjpNPd6UrV8ZGyKPjDw,Henrique & Juliano,Até A Próxima Vida (Ao Vivo),"Vida Nova Produções, sob licença exclusiva para Virgin Music Group",87,150,11,819491,194310
166,spotify:track:2QLbRVzixE282JSQjBz2DG,"Alok, Mc Don Juan, Dj GBR",Liberdade (Quando o Grave Bate Forte),GR6 Music,3,179,35,818048,150461
167,spotify:track:1N19UVD4GRBFT6UrDaX6rk,"Turma do Pagode, Grupo Menos É Mais",Bebe e Vem Me Procurar / Quem Ama Sente Saudade (Ao Vivo),Sony Music Entertainment,161,161,5,817972,216818
168,spotify:track:3BPXSPCKbMe79zjnc6pJyk,"Zé Ottávio, Tarcísio do Acordeon",Te Esqueci Valendo - Ao Vivo,Sua Música,140,155,4,816090,165212
169,spotify:track:0V671zjVuEoXIQDooIsefn,João Gomes,Ela Não Vai Voltar,JG Shows,80,177,10,809669,217958
170,spotify:track:5m2XYNroEL5ceFFPDngYe2,"Costa Gold, MC Ryan SP, Pedro Lotto, Paiva Prod",Apita,Som Livre,170,-1,1,799930,233250
171,spotify:track:29y8c2UeJJxfyskRItw5aG,"MC Cabelinho, L7NNON, Filipe Ret, Dallass",EU SOU O TREM,MC Cabelinho,171,-1,1,795907,225600
172,spotify:track:70PwecMUvcdwyunypqGHfQ,Henrique & Juliano,Gaiola (Ao Vivo),"Vida Nova Produções, sob licença exclusiva para Virgin Music Group",131,156,11,795590,195039
173,spotify:track:5zswDNRhJSXuvhJXJGQTFK,Tierry,Cabeça Branca,Virgin Music Label And Artist Services (S&D),149,171,5,793804,147401
174,spotify:track:3PfIrDoz19wz7qK7tYeu62,Dua Lipa,Don't Start Now,Warner Records,2,176,107,790626,183290
175,spotify:track:7Cf2Hsy3cPlA4e115tElXv,Henrique & Juliano,Liberdade Provisória (Live - Ibirapuera / 2019),"Vida Nova Produções, sob licença exclusiva para Virgin Music Group",1,164,93,782199,186379
176,spotify:track:4zuPdiCYIGP430RcWuHJPD,"Mad Dogz, Marcynho Sensação",Sem Querer Querendo,WM Brazil,138,162,5,778455,155250
177,spotify:track:40KZgKCIvRVIoZqv9lNBoP,"Jessé Aguiar, Todah Music",Alívio,Todah Music,119,172,26,772409,285098
178,spotify:track:2J2Z1SkXYghSajLibnQHOa,Sia,Unstoppable,Monkey Puzzle Records/RCA Records,134,157,6,767797,217746
179,spotify:track:4RVwu0g32PAqgUiJoXsdF8,Billie Eilish,Happier Than Ever,Darkroom/Interscope Records,36,186,18,762928,298899
180,spotify:track:456hS1uLvaApIdoMyqg9e4,MC Ryan SP,Google da Minha Vida,GR6 Music,113,169,10,759280,137872
181,spotify:track:142YjJNOuXjzeSDnB1ujw1,MC Levin,Sua amiga deu,WM Brazil,63,158,12,751619,178173
182,spotify:track:5uvEyd73MMFvW2WuEghabn,"MC L da Vinte, Mc Kaio, DJ Marcus Vinicius",Colocando Nela,Funk Explode Records,72,183,14,751438,140307
183,spotify:track:7lJoRyuNJtuiqTcKtuMuIR,"MC Hariel, Caio Passos",Maçã Verde,GR6 Music,11,195,54,750416,164307
184,spotify:track:5GH9iPvJd3RlOBlMM2R3ME,"MC Gontijo, Dj Sati Marconex",Baile do Cinga do 12,MBB Diamond,43,180,26,741960,181881
185,spotify:track:7EWXP47VlXKO3r7mNxuWHw,"Wesley Safadão, Os Barões Da Pisadinha","Ele É Ele, Eu Sou Eu",Wesley Safadao,1,196,54,741781,155209
186,spotify:track:7nsk0cwY5kfxBT21WEzmC0,"Wesley Safadão, Tarcísio do Acordeon",Ele Não Te Merece,Wesley Safadao,76,185,23,737758,187792
187,spotify:track:13Rf6RaZT13TW4xLQR3MQr,"MC Cabelinho, Bob do Contra, Azzy, Filipe Ret, Dudu, Xamã, Orochi, Maquiny, Pineapple StormTv",Poesia Acústica #6 Era uma Vez,Pineapple StormTV,18,-1,132,737650,577819
188,spotify:track:5m5aY6S9ttfIG157xli2Rs,Zé Neto & Cristiano,Alô Ambev (Segue Sua Vida) - Ao Vivo,Som Livre,4,-1,64,731456,169593
189,spotify:track:5nujrmhLynf4yMoMtj8AQF,"Dua Lipa, DaBaby",Levitating (feat. DaBaby),Warner Records,59,-1,46,730958,203064
190,spotify:track:02MWAaffLxlfxAUY7c5dvx,Glass Animals,Heat Waves,Polydor Records,152,199,10,730957,238805
191,spotify:track:4jMrV2f00zM9ifqJal3CcG,Zé Vaqueiro,Fim da Noite,Sony Music Entertainment,45,174,15,723599,167168
192,spotify:track:1YGLrVineKYS0UzvBAA3gH,Clarissa,nada contra (ciúme),Virgin Music Label And Artist Services (S&D),74,173,11,721581,142861
193,spotify:track:4iJyoBOLtHqaGxP12qzhQI,"Justin Bieber, Daniel Caesar, GIVĒON",Peaches (feat. Daniel Caesar & Giveon),RBMG/Def Jam,33,-1,34,720810,198081
194,spotify:track:3J2dWPo6aN0mwJFcg1aW4e,"WC no Beat, Igão, Yunk Vino, Kyan, Marginal Supply",Na Onda do Gin,Sony Music Entertainment,194,-1,1,716961,264057
195,spotify:track:7gMWTBRgB5CZdNDSuweCyr,"Costa Gold, Kawe, André Nine",Se Essa Bunda,Som Livre,9,193,18,716701,249125
196,spotify:track:1LPSkqVhWVRUkKE03YUkpB,"Bruno Mars, Anderson .Paak, Silk Sonic",Leave The Door Open,Aftermath Entertainment/Atlantic,52,194,36,716548,242096
197,spotify:track:2Gjt4rUHBUH0rMKpBg0hF4,"Malu, DJ Lucas Beat",Disco Arranhado - Funk Remix,Universal Music Ltda.,2,-1,36,715042,125557
198,spotify:track:1wZ59VKgYD5Rho6YYvrjPB,Vitor Fernandes,Vou falar que não quero,Sua Música,29,-1,38,712102,186831
199,spotify:track:6mC5wOykw6GBFVXI8SFdNT,Vitinho Imperador,Volta Rapariga,Vitinho Imperador,18,181,22,711005,196392
200,spotify:track:49GdoM9fiTXVOx1a6JTokJ,Melody,Assalto Perigoso,Melody,200,-1,1,703235,155417
